{"hidden_layers": [10, 10, 10], "input_nodes": 30, "output_noddes": 2, "loss_type": "binaryCrossEntropy", "norm_weights": [[null, null], [null, null], [7.76, 24.63], [10.89, 30.62], [47.92, 165.5], [181.0, 1841.0], [0.05263, 0.1634], [0.01938, 0.3454], [0.0, 0.3754], [0.0, 0.162], [0.1203, 0.2906], [0.04996, 0.09502], [0.1144, 1.37], [0.3621, 4.885], [0.7714, 10.12], [7.326, 176.5], [0.001713, 0.03113], [0.002252, 0.1006], [0.0, 0.1438], [0.0, 0.03927], [0.01054, 0.07895], [0.0009683, 0.01256], [9.456, 31.01], [14.1, 42.79], [59.16, 206.0], [268.6, 2944.0], [0.07117, 0.2226], [0.02729, 0.7917], [0.0, 1.17], [0.0, 0.2733], [0.1603, 0.544], [0.05737, 0.1431]], "stand_weights": [[null, null, 0.3712326092262634, 0.43436987567454743, 0.36818086309196235, 0.2772501771793055, 0.39585734085996954, 0.25673903080648247, 0.22927025290670333, 0.29285094408133633, 0.3470415529688094, 0.2874311375682099, 0.2258985626745123, 0.1867682499385479, 0.21651879929174678, 0.18333247564811458, 0.16985416595845937, 0.22105506496737887, 0.20793454961956964, 0.2875733608951602, 0.13338693173512645, 0.22734639237304172, 0.31558629761638357, 0.41636766243618395, 0.3265046389026869, 0.22530594655444586, 0.40872855250533163, 0.3005816096535815, 0.23750146304675732, 0.42280796797313863, 0.339531496726916, 0.3187085308869844], [null, null, 0.19668506864289695, 0.2084573111138538, 0.19516962649684125, 0.19343189178192532, 0.13586770123821001, 0.15889127982371892, 0.1994684167076429, 0.2292374993600355, 0.15635172171236475, 0.14782158028196524, 0.19888656935486734, 0.12977604647087912, 0.19041295172515485, 0.19877153138055265, 0.10387132128407818, 0.1597126351227484, 0.1582822168352452, 0.14745241829150385, 0.12372958831942146, 0.1686716736931976, 0.21279014782986289, 0.20839659396837598, 0.21795558820552782, 0.19390747323493343, 0.15281373375057178, 0.20181920902089803, 0.17871980006486246, 0.24106571106466831, 0.15061616788974072, 0.19834729724840078]]}